{
  "model": "google/owlvit-base-patch32",
  "device": "cuda",
  "max_images": 100,
  "score_threshold": 0.01,
  "top_k": 100,
  "metrics": {
    "AP@[IoU=.50:.95]": 0.3362557759080258,
    "AP@0.50": 0.5099038679075754,
    "AP@0.75": 0.3527453821538747,
    "AP small": 0.17766204305223351,
    "AP medium": 0.36833326646281456,
    "AP large": 0.5627145442624129,
    "AR maxDets=1": 0.3410051615107018,
    "AR maxDets=10": 0.5100297259511262,
    "AR maxDets=100": 0.519791889846916,
    "AR small": 0.25424997328531934,
    "AR medium": 0.5284029369323486,
    "AR large": 0.733372493734336
  }
}