{
  "model": "google/owlvit-base-patch32",
  "device": "cuda",
  "max_images": 100,
  "score_threshold": 0.01,
  "nms_threshold": 0.5,
  "top_k": 100,
  "metrics": {
    "AP@[IoU=.50:.95]": 0.32263122615134926,
    "AP@0.50": 0.5015707361469377,
    "AP@0.75": 0.3306182394534622,
    "AP small": 0.1677565641171207,
    "AP medium": 0.34955850852622616,
    "AP large": 0.5504221690010274,
    "AR maxDets=1": 0.3410051615107018,
    "AR maxDets=10": 0.47052546688451996,
    "AR maxDets=100": 0.4752790800494561,
    "AR small": 0.22731651973183636,
    "AR medium": 0.4769107036754096,
    "AR large": 0.6879297201336675
  }
}