{
  "source_predictions": "outputs/server_2026_06/coco_grounding_dino_eval_full_val2017/coco_predictions.json",
  "images": 5000,
  "results": [
    {
      "threshold": 0.2,
      "detections": 88291,
      "detections_per_image": 17.6582,
      "metrics": {
        "AP@[IoU=.50:.95]": 0.4205981958397196,
        "AP@0.50": 0.5571160153709408,
        "AP@0.75": 0.45734651018434025,
        "AP small": 0.2654093482197538,
        "AP medium": 0.44866977075735204,
        "AP large": 0.5503966377600722,
        "AR maxDets=1": 0.3249303290383371,
        "AR maxDets=10": 0.5123356103352391,
        "AR maxDets=100": 0.5359650993761542,
        "AR small": 0.35724744024655286,
        "AR medium": 0.5666682801081145,
        "AR large": 0.6594956675653065
      }
    },
    {
      "threshold": 0.25,
      "detections": 62581,
      "detections_per_image": 12.5162,
      "metrics": {
        "AP@[IoU=.50:.95]": 0.4112694558727045,
        "AP@0.50": 0.5433053507150173,
        "AP@0.75": 0.4472672748037992,
        "AP small": 0.25645441245593464,
        "AP medium": 0.43805599884242385,
        "AP large": 0.5436151512490704,
        "AR maxDets=1": 0.3192764916811673,
        "AR maxDets=10": 0.49057819875427566,
        "AR maxDets=100": 0.5086182907870755,
        "AR small": 0.33077161613540623,
        "AR medium": 0.5374970127352653,
        "AR large": 0.6386648609068879
      }
    },
    {
      "threshold": 0.3,
      "detections": 46213,
      "detections_per_image": 9.2426,
      "metrics": {
        "AP@[IoU=.50:.95]": 0.3987891005246914,
        "AP@0.50": 0.5256262568968066,
        "AP@0.75": 0.4330652760022727,
        "AP small": 0.24278106375350678,
        "AP medium": 0.42491932586749037,
        "AP large": 0.5341017518901744,
        "AR maxDets=1": 0.3130499026216203,
        "AR maxDets=10": 0.4660327797062766,
        "AR maxDets=100": 0.48057874992456306,
        "AR small": 0.30296610912033706,
        "AR medium": 0.5083638454912216,
        "AR large": 0.6190347196693479
      }
    },
    {
      "threshold": 0.35,
      "detections": 35513,
      "detections_per_image": 7.1026,
      "metrics": {
        "AP@[IoU=.50:.95]": 0.38194835882147765,
        "AP@0.50": 0.499306896190658,
        "AP@0.75": 0.4156453640745739,
        "AP small": 0.2242112599059132,
        "AP medium": 0.40872494600034437,
        "AP large": 0.5190830064165981,
        "AR maxDets=1": 0.302979916234021,
        "AR maxDets=10": 0.43847346374422586,
        "AR maxDets=100": 0.4496949593144258,
        "AR small": 0.27169762114782237,
        "AR medium": 0.4785019043143939,
        "AR large": 0.5927930374141556
      }
    },
    {
      "threshold": 0.4,
      "detections": 28453,
      "detections_per_image": 5.6906,
      "metrics": {
        "AP@[IoU=.50:.95]": 0.36202907964880504,
        "AP@0.50": 0.467538473812505,
        "AP@0.75": 0.39505913712477575,
        "AP small": 0.2029195805383773,
        "AP medium": 0.38907934269501254,
        "AP large": 0.49979469669661836,
        "AR maxDets=1": 0.2911778561373297,
        "AR maxDets=10": 0.409592631608281,
        "AR maxDets=100": 0.4179758895619415,
        "AR small": 0.23660766794922122,
        "AR medium": 0.4481831114660594,
        "AR large": 0.5641922030241655
      }
    }
  ]
}