{
  "source_predictions": "outputs/server_2026_06/coco_owlvit_eval_full_val2017/coco_predictions.json",
  "images": 5000,
  "results": [
    {
      "threshold": 0.01,
      "detections": 352980,
      "detections_per_image": 70.596,
      "metrics": {
        "AP@[IoU=.50:.95]": 0.23665823145320664,
        "AP@0.50": 0.38516065842275876,
        "AP@0.75": 0.24926738200432577,
        "AP small": 0.09792548143389834,
        "AP medium": 0.24847215327318597,
        "AP large": 0.38117918725102734,
        "AR maxDets=1": 0.27696649623834985,
        "AR maxDets=10": 0.4422083412752526,
        "AR maxDets=100": 0.4693149896833903,
        "AR small": 0.21316611882954825,
        "AR medium": 0.5048902266588648,
        "AR large": 0.7131294311497388
      }
    },
    {
      "threshold": 0.03,
      "detections": 209133,
      "detections_per_image": 41.8266,
      "metrics": {
        "AP@[IoU=.50:.95]": 0.2348416073389214,
        "AP@0.50": 0.3818685218751391,
        "AP@0.75": 0.24766133679603858,
        "AP small": 0.09670030804216737,
        "AP medium": 0.24649097126082362,
        "AP large": 0.37857586537498145,
        "AR maxDets=1": 0.2716263100624919,
        "AR maxDets=10": 0.4237425438944122,
        "AR maxDets=100": 0.4431248838109986,
        "AR small": 0.19711324180601356,
        "AR medium": 0.47349510783686954,
        "AR large": 0.6728278300870177
      }
    },
    {
      "threshold": 0.05,
      "detections": 136465,
      "detections_per_image": 27.293,
      "metrics": {
        "AP@[IoU=.50:.95]": 0.23197512791947067,
        "AP@0.50": 0.3770184074342841,
        "AP@0.75": 0.244757083282879,
        "AP small": 0.09471656552600567,
        "AP medium": 0.24354293660296983,
        "AP large": 0.3741142640540684,
        "AR maxDets=1": 0.26495403756489777,
        "AR maxDets=10": 0.4026263097029865,
        "AR maxDets=100": 0.417405159477521,
        "AR small": 0.17885936839263739,
        "AR medium": 0.44479119699855585,
        "AR large": 0.6308527345843934
      }
    },
    {
      "threshold": 0.1,
      "detections": 57769,
      "detections_per_image": 11.5538,
      "metrics": {
        "AP@[IoU=.50:.95]": 0.22068746328893707,
        "AP@0.50": 0.3566451775336496,
        "AP@0.75": 0.23388753082274305,
        "AP small": 0.08719898162840892,
        "AP medium": 0.23133114518790976,
        "AP large": 0.35519188420809034,
        "AR maxDets=1": 0.24350148441314765,
        "AR maxDets=10": 0.3480703712459644,
        "AR maxDets=100": 0.3557669319701687,
        "AR small": 0.14518536667084683,
        "AR medium": 0.37534509683275724,
        "AR large": 0.549580022980133
      }
    },
    {
      "threshold": 0.2,
      "detections": 17336,
      "detections_per_image": 3.4672,
      "metrics": {
        "AP@[IoU=.50:.95]": 0.18448126400025458,
        "AP@0.50": 0.29187929530527823,
        "AP@0.75": 0.19825866474772058,
        "AP small": 0.06701546184015722,
        "AP medium": 0.19343468947301246,
        "AP large": 0.29250910376183936,
        "AR maxDets=1": 0.19557888676948157,
        "AR maxDets=10": 0.2526971079635318,
        "AR maxDets=100": 0.2547847054716691,
        "AR small": 0.08819790202413744,
        "AR medium": 0.2693683907756389,
        "AR large": 0.3919967305605633
      }
    }
  ]
}