{
  "source_predictions": "outputs/server_2026_06/coco_yolo_world_eval_full_val2017/coco_predictions.json",
  "images": 5000,
  "results": [
    {
      "threshold": 0.001,
      "detections": 389117,
      "detections_per_image": 77.8234,
      "metrics": {
        "AP@[IoU=.50:.95]": 0.3664029622032126,
        "AP@0.50": 0.5098007092065712,
        "AP@0.75": 0.39758662473587353,
        "AP small": 0.2043761492735617,
        "AP medium": 0.4049041686624691,
        "AP large": 0.488480811819503,
        "AR maxDets=1": 0.31466117961475126,
        "AR maxDets=10": 0.5131960735298613,
        "AR maxDets=100": 0.5472487062189036,
        "AR small": 0.3406390475266326,
        "AR medium": 0.6014585232512929,
        "AR large": 0.7024779602220775
      }
    },
    {
      "threshold": 0.01,
      "detections": 209924,
      "detections_per_image": 41.9848,
      "metrics": {
        "AP@[IoU=.50:.95]": 0.36493139374229366,
        "AP@0.50": 0.5074734713391371,
        "AP@0.75": 0.39600867300134635,
        "AP small": 0.20306267725135332,
        "AP medium": 0.4034009849955417,
        "AP large": 0.48678305662122745,
        "AR maxDets=1": 0.3125882981391913,
        "AR maxDets=10": 0.5017698460060059,
        "AR maxDets=100": 0.5302027166346954,
        "AR small": 0.32375166485167045,
        "AR medium": 0.5824462882801937,
        "AR large": 0.6819760704947168
      }
    },
    {
      "threshold": 0.05,
      "detections": 90895,
      "detections_per_image": 18.179,
      "metrics": {
        "AP@[IoU=.50:.95]": 0.35750658207991154,
        "AP@0.50": 0.49458646145364493,
        "AP@0.75": 0.3881803217541262,
        "AP small": 0.19330510246628413,
        "AP medium": 0.3953211921328519,
        "AP large": 0.48181448679438793,
        "AR maxDets=1": 0.30653803251230927,
        "AR maxDets=10": 0.4694915525459006,
        "AR maxDets=100": 0.4870694624744673,
        "AR small": 0.2733580529591957,
        "AR medium": 0.5331082957253053,
        "AR large": 0.6414851233354366
      }
    },
    {
      "threshold": 0.1,
      "detections": 59092,
      "detections_per_image": 11.8184,
      "metrics": {
        "AP@[IoU=.50:.95]": 0.34890119106541306,
        "AP@0.50": 0.47932581556382287,
        "AP@0.75": 0.37920410866943244,
        "AP small": 0.18349892584740918,
        "AP medium": 0.38616368073467905,
        "AP large": 0.47533052031325534,
        "AR maxDets=1": 0.29989005276827474,
        "AR maxDets=10": 0.4436251369554371,
        "AR maxDets=100": 0.45569194924478573,
        "AR small": 0.24121054312414053,
        "AR medium": 0.5001302663388043,
        "AR large": 0.6134983266187596
      }
    },
    {
      "threshold": 0.25,
      "detections": 32055,
      "detections_per_image": 6.411,
      "metrics": {
        "AP@[IoU=.50:.95]": 0.3224171813323877,
        "AP@0.50": 0.4343530116922224,
        "AP@0.75": 0.35293891228145713,
        "AP small": 0.14215643947679568,
        "AP medium": 0.35457845260754917,
        "AP large": 0.4548156731893668,
        "AR maxDets=1": 0.28069091084781833,
        "AR maxDets=10": 0.3872081353000013,
        "AR maxDets=100": 0.3933245959575774,
        "AR small": 0.17130245171857691,
        "AR medium": 0.42578165586893263,
        "AR large": 0.5591290843821659
      }
    }
  ]
}