{
  "model": "google/owlvit-base-patch32",
  "device": "cpu",
  "max_images": 2,
  "score_threshold": 0.01,
  "top_k": 50,
  "metrics": {
    "AP@[IoU=.50:.95]": 0.3253300330033003,
    "AP@0.50": 0.49047404740474043,
    "AP@0.75": 0.3064806480648064,
    "AP small": 0.12670438472418666,
    "AP medium": 0.4165016501650165,
    "AP large": 0.9499999999999998,
    "AR maxDets=1": 0.28454545454545455,
    "AR maxDets=10": 0.32727272727272727,
    "AR maxDets=100": 0.3340909090909091,
    "AR small": 0.1476190476190476,
    "AR medium": 0.4222222222222222,
    "AR large": 0.95
  }
}