{
  "source_predictions": "outputs\\coco_grounding_dino_eval_500_random\\coco_predictions.json",
  "images": 500,
  "results": [
    {
      "threshold": 0.2,
      "detections": 8522,
      "detections_per_image": 17.044,
      "metrics": {
        "AP@[IoU=.50:.95]": 0.45206722584351555,
        "AP@0.50": 0.5885284278199255,
        "AP@0.75": 0.4975919660599666,
        "AP small": 0.32500972324593985,
        "AP medium": 0.4966118126632694,
        "AP large": 0.5493957145128427,
        "AR maxDets=1": 0.34922770624011634,
        "AR maxDets=10": 0.5276399737007353,
        "AR maxDets=100": 0.5481380499236472,
        "AR small": 0.3993729633009945,
        "AR medium": 0.5803604801330497,
        "AR large": 0.6305473277536235
      }
    },
    {
      "threshold": 0.25,
      "detections": 6028,
      "detections_per_image": 12.056,
      "metrics": {
        "AP@[IoU=.50:.95]": 0.4442527740629176,
        "AP@0.50": 0.5777963274115986,
        "AP@0.75": 0.48844615241451234,
        "AP small": 0.31686757855422654,
        "AP medium": 0.48751404523684994,
        "AP large": 0.5421981046134148,
        "AR maxDets=1": 0.3454844912904668,
        "AR maxDets=10": 0.5091947242033098,
        "AR maxDets=100": 0.5243449133978898,
        "AR small": 0.3754101739336642,
        "AR medium": 0.5562253298610399,
        "AR large": 0.6073270875635397
      }
    },
    {
      "threshold": 0.3,
      "detections": 4465,
      "detections_per_image": 8.93,
      "metrics": {
        "AP@[IoU=.50:.95]": 0.43420937875751375,
        "AP@0.50": 0.5630233407139134,
        "AP@0.75": 0.4775597538242319,
        "AP small": 0.295718312267002,
        "AP medium": 0.47875672663945307,
        "AP large": 0.5340316974601267,
        "AR maxDets=1": 0.3396533397937176,
        "AR maxDets=10": 0.48656485174789527,
        "AR maxDets=100": 0.4989421734676563,
        "AR small": 0.3375437723226757,
        "AR medium": 0.5334295519386018,
        "AR large": 0.5893481867416923
      }
    },
    {
      "threshold": 0.35,
      "detections": 3433,
      "detections_per_image": 6.866,
      "metrics": {
        "AP@[IoU=.50:.95]": 0.418266635249043,
        "AP@0.50": 0.5405961462325778,
        "AP@0.75": 0.46070939423589413,
        "AP small": 0.2789627099135416,
        "AP medium": 0.45722701812747235,
        "AP large": 0.523258022448005,
        "AR maxDets=1": 0.33091765762717623,
        "AR maxDets=10": 0.4600757229494224,
        "AR maxDets=100": 0.4708514265889666,
        "AR small": 0.30671629176240656,
        "AR medium": 0.5009297229666518,
        "AR large": 0.5718445833131988
      }
    },
    {
      "threshold": 0.4,
      "detections": 2738,
      "detections_per_image": 5.476,
      "metrics": {
        "AP@[IoU=.50:.95]": 0.39997723599823565,
        "AP@0.50": 0.5108514706197244,
        "AP@0.75": 0.4420489201266214,
        "AP small": 0.25658748605449955,
        "AP medium": 0.44119551820006125,
        "AP large": 0.5053335326544809,
        "AR maxDets=1": 0.3207089295764073,
        "AR maxDets=10": 0.4353752943958091,
        "AR maxDets=100": 0.44298716224039775,
        "AR small": 0.2780359094470207,
        "AR medium": 0.4749889106175779,
        "AR large": 0.5490690985479125
      }
    }
  ]
}