{
  "source_predictions": "outputs\\coco_owlvit_eval_500_random\\coco_predictions.json",
  "images": 500,
  "results": [
    {
      "threshold": 0.01,
      "detections": 36504,
      "detections_per_image": 73.008,
      "metrics": {
        "AP@[IoU=.50:.95]": 0.2699766448138439,
        "AP@0.50": 0.4281471046210779,
        "AP@0.75": 0.2871473659803141,
        "AP small": 0.13371652869643255,
        "AP medium": 0.30299297679328685,
        "AP large": 0.4536600494762159,
        "AR maxDets=1": 0.2906699010419735,
        "AR maxDets=10": 0.4638385299955801,
        "AR maxDets=100": 0.48736116573680427,
        "AR small": 0.2217624570096918,
        "AR medium": 0.5425926866788967,
        "AR large": 0.7344078233317705
      }
    },
    {
      "threshold": 0.03,
      "detections": 21126,
      "detections_per_image": 42.252,
      "metrics": {
        "AP@[IoU=.50:.95]": 0.2682867374732493,
        "AP@0.50": 0.4253722109156969,
        "AP@0.75": 0.28522160588901313,
        "AP small": 0.13256816526876086,
        "AP medium": 0.3008358473330183,
        "AP large": 0.4510673345580992,
        "AR maxDets=1": 0.2875941125560145,
        "AR maxDets=10": 0.44662392072604684,
        "AR maxDets=100": 0.4626040301178579,
        "AR small": 0.21377012434430953,
        "AR medium": 0.5098359873244014,
        "AR large": 0.6930245933962924
      }
    },
    {
      "threshold": 0.05,
      "detections": 13595,
      "detections_per_image": 27.19,
      "metrics": {
        "AP@[IoU=.50:.95]": 0.2648512712898259,
        "AP@0.50": 0.41963027440816175,
        "AP@0.75": 0.2819081502584953,
        "AP small": 0.1298279385744573,
        "AP medium": 0.29588604785432954,
        "AP large": 0.44614767959912555,
        "AR maxDets=1": 0.28009340236126345,
        "AR maxDets=10": 0.42237123749333544,
        "AR maxDets=100": 0.43354421790067843,
        "AR small": 0.1972175496327274,
        "AR medium": 0.4688646284640847,
        "AR large": 0.6575346251338341
      }
    },
    {
      "threshold": 0.1,
      "detections": 5791,
      "detections_per_image": 11.582,
      "metrics": {
        "AP@[IoU=.50:.95]": 0.25403760799825303,
        "AP@0.50": 0.39951678843838373,
        "AP@0.75": 0.27227416139225774,
        "AP small": 0.11706640331058664,
        "AP medium": 0.2829885043953436,
        "AP large": 0.4259212785173201,
        "AR maxDets=1": 0.2534968186044573,
        "AR maxDets=10": 0.36233051185888715,
        "AR maxDets=100": 0.3690672214963245,
        "AR small": 0.1487922785059637,
        "AR medium": 0.39879082884768186,
        "AR large": 0.5564943608552403
      }
    },
    {
      "threshold": 0.2,
      "detections": 1775,
      "detections_per_image": 3.55,
      "metrics": {
        "AP@[IoU=.50:.95]": 0.21093752001409405,
        "AP@0.50": 0.3237315062941768,
        "AP@0.75": 0.23091761898978125,
        "AP small": 0.05404213892209612,
        "AP medium": 0.2444612729123519,
        "AP large": 0.34946604766367145,
        "AR maxDets=1": 0.20603407297775622,
        "AR maxDets=10": 0.2634996852612624,
        "AR maxDets=100": 0.26461996047848113,
        "AR small": 0.06529270652466009,
        "AR medium": 0.298714806329899,
        "AR large": 0.4076557832330729
      }
    }
  ]
}