{
  "source_predictions": "outputs\\coco_yolo_world_eval_500_random\\coco_predictions.json",
  "images": 500,
  "results": [
    {
      "threshold": 0.001,
      "detections": 40984,
      "detections_per_image": 81.968,
      "metrics": {
        "AP@[IoU=.50:.95]": 0.39432854396121997,
        "AP@0.50": 0.5486460207135371,
        "AP@0.75": 0.42742475146754805,
        "AP small": 0.2337308288793949,
        "AP medium": 0.451594044942262,
        "AP large": 0.5560154569020679,
        "AR maxDets=1": 0.32864287320873836,
        "AR maxDets=10": 0.5297950351529489,
        "AR maxDets=100": 0.5607902532342401,
        "AR small": 0.35972969367886665,
        "AR medium": 0.6143911741052852,
        "AR large": 0.730270752608872
      }
    },
    {
      "threshold": 0.01,
      "detections": 22138,
      "detections_per_image": 44.276,
      "metrics": {
        "AP@[IoU=.50:.95]": 0.39280606276980046,
        "AP@0.50": 0.5467280735847572,
        "AP@0.75": 0.425718441460092,
        "AP small": 0.22646383248681015,
        "AP medium": 0.45027020053604844,
        "AP large": 0.5542649229381448,
        "AR maxDets=1": 0.32646908444475975,
        "AR maxDets=10": 0.5176684576994101,
        "AR maxDets=100": 0.5444547798590293,
        "AR small": 0.32770438087574066,
        "AR medium": 0.598710188777679,
        "AR large": 0.7091654410305109
      }
    },
    {
      "threshold": 0.05,
      "detections": 8873,
      "detections_per_image": 17.746,
      "metrics": {
        "AP@[IoU=.50:.95]": 0.3862060711272386,
        "AP@0.50": 0.5342803088254287,
        "AP@0.75": 0.41921429053454146,
        "AP small": 0.21062757819029806,
        "AP medium": 0.44212330306385944,
        "AP large": 0.5485815280930894,
        "AR maxDets=1": 0.3225783554084399,
        "AR maxDets=10": 0.48676690408164935,
        "AR maxDets=100": 0.504177232197019,
        "AR small": 0.2751832922381009,
        "AR medium": 0.555233900995341,
        "AR large": 0.6762452978557931
      }
    },
    {
      "threshold": 0.1,
      "detections": 5754,
      "detections_per_image": 11.508,
      "metrics": {
        "AP@[IoU=.50:.95]": 0.37803853335666,
        "AP@0.50": 0.5207051951277879,
        "AP@0.75": 0.4103651260052131,
        "AP small": 0.19563899708089091,
        "AP medium": 0.4281977145194463,
        "AP large": 0.5453355643358385,
        "AR maxDets=1": 0.31655037704918043,
        "AR maxDets=10": 0.4662047239527835,
        "AR maxDets=100": 0.4779887534511669,
        "AR small": 0.23800951824782324,
        "AR medium": 0.5227353043052759,
        "AR large": 0.6627203709302143
      }
    },
    {
      "threshold": 0.25,
      "detections": 3035,
      "detections_per_image": 6.07,
      "metrics": {
        "AP@[IoU=.50:.95]": 0.34926181903199943,
        "AP@0.50": 0.47162300961886844,
        "AP@0.75": 0.3810481634409934,
        "AP small": 0.1597668907552092,
        "AP medium": 0.3937627287099284,
        "AP large": 0.5247485242583202,
        "AR maxDets=1": 0.2989238376858287,
        "AR maxDets=10": 0.4109459616225965,
        "AR maxDets=100": 0.4174655765690941,
        "AR small": 0.18078564609715952,
        "AR medium": 0.45184773422744157,
        "AR large": 0.6122011948007905
      }
    }
  ]
}