{
  "model": "google/owlvit-base-patch32",
  "device": "cuda",
  "max_images": 100,
  "sampling": "random",
  "seed": 308,
  "image_ids": [
    12748,
    22755,
    28993,
    32811,
    47571,
    50943,
    51326,
    69138,
    73946,
    80057,
    83531,
    84241,
    100274,
    110042,
    111609,
    114770,
    123633,
    143068,
    148957,
    152740,
    158945,
    162130,
    163314,
    166287,
    167122,
    167159,
    177489,
    179214,
    195045,
    198928,
    220310,
    231339,
    233825,
    234660,
    242287,
    244099,
    245311,
    247806,
    248616,
    252776,
    260266,
    263679,
    270244,
    287667,
    289222,
    293071,
    294163,
    298994,
    308165,
    308753,
    318080,
    322864,
    325483,
    325838,
    331569,
    337055,
    343453,
    345356,
    355240,
    361147,
    369541,
    370478,
    372718,
    372819,
    377368,
    378284,
    391290,
    396274,
    402783,
    407524,
    408696,
    414034,
    418961,
    420281,
    434247,
    441491,
    446206,
    451043,
    456559,
    457884,
    467315,
    474452,
    475732,
    480985,
    486104,
    496854,
    499181,
    511398,
    517056,
    521719,
    529528,
    532071,
    533855,
    537991,
    538236,
    548267,
    549055,
    562059,
    565853,
    573626
  ],
  "score_threshold": 0.01,
  "nms_threshold": 0.5,
  "top_k": 100,
  "runtime": {
    "images": 100,
    "preprocess_seconds": 2.023554874584079,
    "inference_seconds": 1.7900378815829754,
    "postprocess_seconds": 0.6363701373338699,
    "pipeline_seconds": 4.449962893500924,
    "inference_ms_per_image": 17.900378815829754,
    "pipeline_ms_per_image": 44.49962893500924,
    "inference_fps": 55.86473952806378,
    "pipeline_fps": 22.472097496823594,
    "peak_gpu_memory_mb": 349.52734375
  },
  "metrics": {
    "AP@[IoU=.50:.95]": 0.3358773039291983,
    "AP@0.50": 0.48596486498143987,
    "AP@0.75": 0.38711535024717225,
    "AP small": 0.18457901915265515,
    "AP medium": 0.3135263818184038,
    "AP large": 0.5566972581762126,
    "AR maxDets=1": 0.32769715621655476,
    "AR maxDets=10": 0.4386838676669724,
    "AR maxDets=100": 0.44798483640952064,
    "AR small": 0.23081948369094893,
    "AR medium": 0.4682389711737537,
    "AR large": 0.6794921398046398
  }
}